year_film,film,award_year,imdb_rating,rt_rating,rt_audience_score,rt_status,runtime_mins,content_rating,bafta_nom,bafta_win,sag_nom,sag_win,gg_nom,gg_win,oscar_winner,Oscarstat_totalnoms,Nom_DGA,Win_DGA,Genre_action,Genre_biography,Genre_crime,Genre_comedy,Genre_drama,Genre_horror,Genre_fantasy,Genre_sci-fi,Genre_mystery,Genre_music,Genre_romance,Genre_history,Genre_war,Genre_filmnoir,Genre_thriller,Genre_adventure,Genre_family,Genre_sport,Genre_western
1959,The Nun's Story,1960,7.5,94.0,82.0,fresh,149,NR,1,0,DE,DE,1,0,0,8,1,0,0,0,0,0,1,0,0,0,0,0,0,0,0,0,0,0,0,0,0
1959,Anatomy of a Murder,1960,8.0,100.0,90.0,certified-fresh,161,G,1,0,DE,DE,1,0,0,7,1,0,0,0,0,0,1,0,0,0,1,0,0,0,0,0,0,0,0,0,0
1959,Ben-Hur,1960,8.1,86.0,89.0,certified-fresh,212,G,1,1,DE,DE,1,1,1,12,1,1,0,0,0,0,1,0,0,0,0,0,0,0,0,0,0,1,0,0,0
1959,The Diary of Anne Frank,1960,7.4,79.0,77.0,fresh,180,PG,0,0,DE,DE,1,0,0,8,1,0,0,1,0,0,1,0,0,0,0,0,0,0,0,0,0,0,1,0,0
1959,Room at the Top,1960,7.5,100.0,82.0,fresh,115,NR,1,1,DE,DE,0,0,0,6,0,0,0,0,0,0,1,0,0,0,0,0,1,0,0,0,0,0,0,0,0
1960,Elmer Gantry,1961,7.7,94.0,86.0,fresh,146,PG,1,0,DE,DE,1,0,0,5,1,0,0,0,0,0,1,0,0,0,0,0,0,0,0,0,0,0,0,0,0
1960,The Apartment,1961,8.3,93.0,94.0,certified-fresh,125,NR,1,1,DE,DE,1,1,1,10,1,1,0,0,0,1,1,0,0,0,0,0,1,0,0,0,0,0,0,0,0
1960,Sons and Lovers,1961,7.1,67.0,50.0,fresh,103,NR,0,0,DE,DE,1,0,0,7,0,0,0,0,0,0,1,0,0,0,0,0,0,0,0,0,0,0,0,0,0
1960,The Alamo,1961,6.8,52.0,63.0,rotten,162,NR,0,0,DE,DE,0,0,0,6,0,0,0,0,0,0,1,0,0,0,0,0,0,1,0,0,0,1,0,0,0
1960,The Sundowners,1961,7.1,75.0,62.0,fresh,133,NR,1,0,DE,DE,0,0,0,5,0,0,0,0,0,0,1,0,0,0,0,0,0,0,0,0,0,1,0,0,0
1961,Fanny,1962,6.8,80.0,67.0,fresh,134,NR,0,0,DE,DE,1,0,0,5,1,0,0,0,0,0,1,0,0,0,0,0,1,0,0,0,0,0,0,0,0
1961,Judgment at Nuremberg,1962,8.3,91.0,93.0,fresh,179,PG-13,1,0,DE,DE,1,0,0,11,1,0,0,0,0,0,1,0,0,0,0,0,0,0,1,0,0,0,0,0,0
1961,The Hustler,1962,8.0,98.0,93.0,certified-fresh,134,NR,1,1,DE,DE,0,0,0,9,0,0,0,0,0,0,1,0,0,0,0,0,0,0,0,0,0,0,0,1,0
1961,West Side Story,1962,7.6,92.0,84.0,certified-fresh,153,PG,1,0,DE,DE,1,1,1,11,1,1,0,0,1,0,1,0,0,0,0,0,0,0,0,0,0,0,0,0,0
1961,The Guns of Navarone,1962,7.5,92.0,86.0,fresh,158,PG,0,0,DE,DE,1,1,0,7,0,0,1,0,0,0,1,0,0,0,0,0,0,0,0,0,0,1,0,0,0
1962,Meredith Willson's The Music Man,1963,7.8,94.0,85.0,fresh,151,G,0,0,DE,DE,1,1,0,6,1,0,0,0,0,1,0,0,0,0,0,1,0,0,0,0,0,0,1,0,0
1962,The Longest Day,1963,7.7,87.0,90.0,fresh,178,G,0,0,DE,DE,1,0,0,5,0,0,1,0,0,0,1,0,0,0,0,0,0,1,0,0,0,0,0,0,0
1962,Mutiny on the Bounty,1963,7.2,68.0,73.0,fresh,178,NR,0,0,DE,DE,1,0,0,14,1,0,0,0,0,0,1,0,0,0,0,0,0,1,0,0,0,1,0,0,0
1962,To Kill a Mockingbird,1963,8.3,92.0,92.0,certified-fresh,129,NR,1,0,DE,DE,1,0,0,8,1,0,0,0,1,0,1,0,0,0,0,0,0,0,0,0,0,0,0,0,0
1962,Lawrence of Arabia,1963,8.3,98.0,93.0,certified-fresh,218,PG,1,1,DE,DE,1,1,1,10,1,1,0,1,0,0,1,0,0,0,0,0,0,0,0,0,0,1,0,0,0
1963,Lilies of the Field,1964,7.5,91.0,86.0,fresh,94,NR,0,0,DE,DE,1,0,0,5,1,0,0,0,0,0,1,0,0,0,0,0,0,0,0,0,0,0,0,0,0
1963,How the West Was Won,1964,7.1,86.0,74.0,fresh,164.0,G,0,0,DE,DE,0,0,0,8,0,0,0,0,0,0,0,0,0,0,0,0,0,0,0,0,0,0,0,0,1
1963,America America,1964,7.7,67.0,85.0,fresh,174,NR,0,0,DE,DE,1,0,0,4,1,0,0,0,0,0,1,0,0,0,0,0,0,0,0,0,0,0,0,0,0
1963,Cleopatra,1964,7.0,62.0,69.0,fresh,192,G,0,0,DE,DE,1,0,0,14,0,0,0,1,0,0,1,0,0,0,0,0,0,1,0,0,0,0,0,0,0
1963,Tom Jones,1964,6.4,82.0,58.0,fresh,129,NR,1,1,DE,DE,1,1,1,10,1,0,0,0,0,1,0,0,0,0,0,0,0,1,0,0,0,1,0,0,0
1964,Becket,1965,7.8,76.0,87.0,fresh,148,PG-13,1,0,DE,DE,1,1,0,12,1,0,0,1,0,0,1,0,0,0,0,0,0,1,0,0,0,0,0,0,0
1964,Mary Poppins,1965,7.8,100.0,86.0,certified-fresh,139,G,0,0,DE,DE,1,0,0,12,1,0,0,0,0,1,0,0,1,0,0,0,0,0,0,0,0,0,1,0,0
1964,Dr. Strangelove or: How I Learned to Stop Worrying and Love the Bomb,1965,8.4,98.0,94.0,certified-fresh,95,PG,1,1,DE,DE,0,0,0,4,1,0,0,0,0,1,0,0,0,0,0,0,0,0,1,0,0,0,0,0,0
1964,Zorba the Greek,1965,7.6,80.0,86.0,fresh,142,NR,1,0,DE,DE,1,0,0,7,0,0,0,0,0,1,1,0,0,0,0,0,0,0,0,0,0,0,0,0,0
1964,My Fair Lady,1965,7.8,95.0,90.0,certified-fresh,170,G,1,1,DE,DE,1,1,1,12,1,1,0,0,0,0,1,0,0,0,0,0,0,0,0,0,0,0,1,0,0
1965,A Thousand Clowns,1966,7.3,72.0,88.0,fresh,118,NR,0,0,DE,DE,1,0,0,4,0,0,0,0,0,1,1,0,0,0,0,0,1,0,0,0,0,0,0,0,0
1965,The Sound of Music,1966,8.1,83.0,91.0,certified-fresh,172,G,0,0,DE,DE,1,1,1,10,1,1,0,1,0,0,1,0,0,0,0,0,0,0,0,0,0,0,1,0,0
1965,Darling,1966,7.0,67.0,71.0,fresh,128,NR,0,0,DE,DE,0,0,0,5,1,0,0,0,0,0,1,0,0,0,0,0,1,0,0,0,0,0,0,0,0
1965,Doctor Zhivago,1966,7.9,84.0,88.0,certified-fresh,197,PG-13,1,0,DE,DE,1,1,0,10,0,0,0,0,0,0,1,0,0,0,0,0,1,0,1,0,0,0,0,0,0
1965,Ship of Fools,1966,7.0,72.0,78.0,fresh,149,NR,0,0,DE,DE,1,0,0,8,0,0,0,0,0,0,1,0,0,0,0,0,1,0,1,0,0,0,0,0,0
1966,The Sand Pebbles,1967,7.6,89.0,88.0,fresh,182,PG-13,0,0,DE,DE,1,0,0,8,1,0,0,0,0,0,1,0,0,0,0,0,1,0,0,0,0,1,0,0,0
1966,Alfie,1967,7.0,96.0,76.0,fresh,114,PG,0,0,DE,DE,0,0,0,4,1,0,0,0,0,1,1,0,0,0,0,0,0,0,0,0,0,0,0,0,0
1966,Who's Afraid of Virginia Woolf?,1967,8.0,95.0,91.0,certified-fresh,131,R,1,1,DE,DE,1,0,0,13,1,0,0,0,0,0,1,0,0,0,0,0,0,0,0,0,0,0,0,0,0
1966,A Man for All Seasons,1967,7.7,83.0,87.0,certified-fresh,120,G,0,0,DE,DE,1,1,1,8,1,1,0,1,0,0,1,0,0,0,0,0,0,1,0,0,0,0,0,0,0
1966,The Russians Are Coming The Russians Are Coming,1967,7.0,86.0,75.0,fresh,126,G,0,0,DE,DE,1,1,0,4,1,0,0,0,0,1,0,0,0,0,0,0,0,0,1,0,0,0,0,0,0
1967,In the Heat of the Night,1968,7.9,95.0,92.0,certified-fresh,110,G,1,0,DE,DE,1,1,1,7,1,0,0,0,1,0,1,0,0,0,1,0,0,0,0,0,0,0,0,0,0
1967,Bonnie and Clyde,1968,7.7,88.0,88.0,certified-fresh,111,R,1,0,DE,DE,1,0,0,10,1,0,1,1,1,0,0,0,0,0,0,0,0,0,0,0,0,0,0,0,0
1967,Guess Who's Coming to Dinner,1968,7.8,70.0,85.0,fresh,108,NR,0,0,DE,DE,1,0,0,10,1,0,0,0,0,1,1,0,0,0,0,0,0,0,0,0,0,0,0,0,0
1967,The Graduate,1968,8.0,87.0,90.0,certified-fresh,106,PG,1,1,DE,DE,1,1,0,7,1,1,0,0,0,1,1,0,0,0,0,0,0,0,0,0,0,0,0,0,0
1967,Doctor Dolittle,1968,6.1,29.0,57.0,rotten,152,G,0,0,DE,DE,1,0,0,8,0,0,0,0,0,1,0,0,0,0,0,0,0,0,0,0,0,1,1,0,0
1968,Oliver!,1969,7.4,82.0,81.0,fresh,153,G,1,0,DE,DE,1,1,1,12,1,0,0,0,0,0,1,0,0,0,0,0,0,0,0,0,0,0,1,0,0
1968,Romeo and Juliet,1969,7.6,95.0,74.0,fresh,138,PG,0,0,DE,DE,0,0,0,8,1,0,0,0,0,0,1,0,0,0,0,0,1,0,0,0,0,0,0,0,0
1968,The Lion in Winter,1969,7.9,90.0,90.0,certified-fresh,134,PG,0,0,DE,DE,1,1,0,7,1,1,0,1,0,0,1,0,0,0,0,0,0,1,0,0,0,0,0,0,0
1968,Funny Girl,1969,7.3,93.0,85.0,certified-fresh,151,G,0,0,DE,DE,1,0,0,7,1,0,0,1,0,1,1,0,0,0,0,0,0,0,0,0,0,0,0,0,0
1968,"Rachel, Rachel",1969,7.1,86.0,77.0,fresh,101,R,0,0,DE,DE,0,0,0,4,1,0,0,0,0,0,1,0,0,0,0,0,1,0,0,0,0,0,0,0,0
1969,"Hello, Dolly!",1970,7.0,43.0,76.0,rotten,146,G,0,0,DE,DE,1,0,0,7,1,0,0,0,0,1,0,0,0,0,0,0,0,0,0,0,0,1,0,0,0
1969,Anne of the Thousand Days,1970,7.4,38.0,83.0,rotten,145,PG,0,0,DE,DE,1,1,0,10,0,0,0,1,0,0,1,0,0,0,0,0,0,1,0,0,0,0,0,0,0
1969,Z,1970,8.2,93.0,93.0,certified-fresh,127,PG,1,0,DE,DE,0,0,0,5,1,0,0,0,1,0,1,0,0,0,0,0,0,1,0,0,0,0,0,0,0
1969,Midnight Cowboy,1970,7.8,88.0,88.0,certified-fresh,113,R,1,1,DE,DE,1,0,1,7,1,1,0,0,0,0,1,0,0,0,0,0,0,0,0,0,0,0,0,0,0
1969,Butch Cassidy and the Sundance Kid,1970,8.0,90.0,92.0,certified-fresh,110,PG,1,1,DE,DE,1,0,0,6,1,0,0,1,1,0,1,0,0,0,0,0,0,0,0,0,0,0,0,0,0
1970,Five Easy Pieces,1971,7.4,88.0,84.0,certified-fresh,98,R,0,0,DE,DE,1,0,0,4,1,0,0,0,0,0,1,0,0,0,0,0,0,0,0,0,0,0,0,0,0
1970,M*A*S*H,1971,7.4,87.0,83.0,certified-fresh,116,PG,1,0,DE,DE,1,1,0,1,1,0,0,0,0,0,0,0,0,0,0,0,0,0,0,0,0,0,0,0,0
1970,Airport,1971,6.6,73.0,53.0,fresh,137,G,0,0,DE,DE,1,0,0,10,0,0,1,0,0,0,1,0,0,0,0,0,0,0,0,0,1,0,0,0,0
1970,Patton,1971,7.9,94.0,93.0,certified-fresh,172,PG,0,0,DE,DE,1,0,1,10,1,1,0,1,0,0,1,0,0,0,0,0,0,0,1,0,0,0,0,0,0
1970,Love Story,1971,6.9,68.0,75.0,fresh,100,PG,0,0,DE,DE,1,1,0,7,1,0,0,0,0,0,1,0,0,0,0,0,1,0,0,0,0,0,0,0,0
1971,The French Connection,1972,7.7,98.0,87.0,certified-fresh,104,R,1,0,DE,DE,1,1,1,8,1,1,1,0,1,0,1,0,0,0,0,0,0,0,0,0,0,0,0,0,0
1971,Fiddler on the Roof,1972,8.0,83.0,92.0,certified-fresh,181,G,0,0,DE,DE,1,1,0,8,0,0,0,0,0,0,1,0,0,0,0,0,0,0,0,0,0,0,1,0,0
1971,A Clockwork Orange,1972,8.3,88.0,93.0,certified-fresh,136,R,1,0,DE,DE,1,0,0,4,1,0,0,0,1,0,1,0,0,1,0,0,0,0,0,0,0,0,0,0,0
1971,The Last Picture Show,1972,8.0,100.0,90.0,certified-fresh,118,R,1,0,DE,DE,1,0,0,8,1,0,0,0,0,0,1,0,0,0,0,0,0,0,0,0,0,0,0,0,0
1971,Nicholas and Alexandra,1972,7.2,67.0,78.0,fresh,183,PG,0,0,DE,DE,0,0,0,6,0,0,0,1,0,0,1,0,0,0,0,0,0,1,0,0,0,0,0,0,0
1972,Sounder,1973,7.5,89.0,77.0,fresh,105,G,0,0,DE,DE,0,0,0,4,1,0,0,0,0,0,1,0,0,0,0,0,0,0,0,0,0,0,1,0,0
1972,Cabaret,1973,7.8,93.0,87.0,certified-fresh,124,PG,1,1,DE,DE,1,1,0,10,1,0,0,0,0,0,1,0,0,0,0,0,0,0,0,0,0,0,0,0,0
1972,Deliverance,1973,7.7,89.0,82.0,certified-fresh,109,R,0,0,DE,DE,1,0,0,3,1,0,0,0,0,0,1,0,0,0,0,0,0,0,0,0,1,1,0,0,0
1972,The Emigrants,1973,8.0,93.0,87.0,fresh,191,PG,0,0,DE,DE,1,0,0,5,0,0,0,0,0,0,1,0,0,0,0,0,0,1,0,0,0,0,0,0,0
1972,The Godfather,1973,9.2,98.0,98.0,certified-fresh,175,R,0,0,DE,DE,1,1,1,11,1,1,0,0,1,0,1,0,0,0,0,0,0,0,0,0,0,0,0,0,0
1973,The Exorcist,1974,8.1,83.0,87.0,certified-fresh,122,R,0,0,DE,DE,1,1,0,10,1,0,0,0,0,0,0,1,0,0,0,0,0,0,0,0,0,0,0,0,0
1973,A Touch of Class,1974,6.5,83.0,64.0,fresh,106,PG,0,0,DE,DE,1,0,0,4,0,0,0,0,0,1,0,0,0,0,0,0,1,0,0,0,0,0,0,0,0
1973,American Graffiti,1974,7.4,96.0,84.0,certified-fresh,110,PG,0,0,DE,DE,1,1,0,5,1,0,0,0,0,1,1,0,0,0,0,0,0,0,0,0,0,0,0,0,0
1973,The Sting,1974,8.3,94.0,95.0,certified-fresh,129,PG,0,0,DE,DE,0,0,1,10,1,1,0,0,1,1,1,0,0,0,0,0,0,0,0,0,0,0,0,0,0
1973,Cries and Whispers,1974,8.0,94.0,90.0,fresh,91,R,0,0,DE,DE,1,0,0,5,0,0,0,0,0,0,0,0,0,0,0,0,0,0,0,0,0,0,0,0,0
1974,The Conversation,1975,7.8,96.0,90.0,certified-fresh,113,PG,0,0,DE,DE,1,0,0,3,1,0,0,0,0,0,1,0,0,0,1,0,0,0,0,0,1,0,0,0,0
1974,Chinatown,1975,8.2,99.0,93.0,certified-fresh,130,R,1,0,DE,DE,1,1,0,11,1,0,0,0,0,0,1,0,0,0,1,0,0,0,0,0,1,0,0,0,0
1974,The Godfather Part II,1975,9.0,98.0,97.0,certified-fresh,202,R,0,0,DE,DE,1,0,1,11,1,1,0,0,0,0,0,0,0,0,0,0,0,0,0,0,0,0,0,0,0
1974,The Towering Inferno,1975,7.0,69.0,72.0,fresh,165,PG,0,0,DE,DE,0,0,0,7,0,0,1,0,0,0,1,0,0,0,0,0,0,0,0,0,1,0,0,0,0
1974,Lenny,1975,7.6,88.0,88.0,fresh,111,R,0,0,DE,DE,0,0,0,6,1,0,0,1,0,0,1,0,0,0,0,0,0,0,0,0,0,0,0,0,0
1975,Barry Lyndon,1976,8.1,91.0,92.0,certified-fresh,185,PG,1,0,DE,DE,1,0,0,7,1,0,0,0,0,0,1,0,0,0,0,0,0,1,0,0,0,1,0,0,0
1975,Jaws,1976,8.1,98.0,90.0,certified-fresh,124,PG,1,0,DE,DE,1,0,0,4,1,0,0,0,0,0,1,0,0,0,0,0,0,0,0,0,1,1,0,0,0
1975,Dog Day Afternoon,1976,8.0,96.0,90.0,certified-fresh,125,R,1,0,DE,DE,1,0,0,6,1,0,0,1,1,0,1,0,0,0,0,0,0,0,0,0,0,0,0,0,0
1975,One Flew over the Cuckoo's Nest,1976,8.7,94.0,96.0,certified-fresh,133,R,1,1,DE,DE,1,1,1,9,1,1,0,0,0,0,1,0,0,0,0,0,0,0,0,0,0,0,0,0,0
1975,Nashville,1976,7.6,90.0,84.0,certified-fresh,160,R,0,0,DE,DE,1,0,0,4,1,0,0,0,0,1,1,0,0,0,0,1,0,0,0,0,0,0,0,0,0
1976,Rocky,1977,8.1,94.0,69.0,certified-fresh,120,PG,1,0,DE,DE,1,1,1,9,1,1,0,0,0,0,1,0,0,0,0,0,0,0,0,0,0,0,0,1,0
1976,All the President's Men,1977,7.9,94.0,92.0,certified-fresh,138,PG,1,0,DE,DE,1,0,0,8,1,0,0,1,0,0,1,0,0,0,0,0,0,1,0,0,0,0,0,0,0
1976,Taxi Driver,1977,8.2,96.0,93.0,certified-fresh,114,R,1,0,DE,DE,0,0,0,4,1,0,0,0,1,0,1,0,0,0,0,0,0,0,0,0,0,0,0,0,0
1976,Network,1977,8.1,91.0,93.0,certified-fresh,121,R,1,0,DE,DE,1,0,0,10,1,0,0,0,0,0,1,0,0,0,0,0,0,0,0,0,0,0,0,0,0
1976,Bound for Glory,1977,7.3,86.0,77.0,fresh,147,PG,0,0,DE,DE,1,0,0,6,0,0,0,1,0,0,1,0,0,0,0,1,0,0,0,0,0,0,0,0,0
1977,Julia,1978,7.1,74.0,70.0,fresh,117,PG,1,1,DE,DE,1,0,0,11,1,0,0,0,0,0,1,0,0,0,0,0,0,0,0,0,0,0,0,0,0
1977,The Goodbye Girl,1978,7.4,84.0,84.0,fresh,111,PG,0,0,DE,DE,1,1,0,5,0,0,0,0,0,1,1,0,0,0,0,0,1,0,0,0,0,0,0,0,0
1977,The Turning Point,1978,6.8,63.0,67.0,fresh,119,PG,0,0,DE,DE,1,1,0,11,1,0,0,0,0,0,1,0,0,0,0,0,1,0,0,0,0,0,0,0,0
1977,Star Wars,1978,8.7,93.0,96.0,certified-fresh,121,PG,1,0,DE,DE,1,0,0,11,1,0,0,0,0,0,0,0,0,0,0,0,0,0,0,0,0,0,0,0,0
1977,Annie Hall,1978,8.0,98.0,92.0,certified-fresh,93,PG,1,1,DE,DE,1,0,1,5,1,1,0,0,0,1,0,0,0,0,0,0,1,0,0,0,0,0,0,0,0
1978,Heaven Can Wait,1979,6.9,88.0,68.0,certified-fresh,101,PG,0,0,DE,DE,1,1,0,12,1,0,0,0,0,1,0,0,1,0,0,0,1,0,0,0,0,0,0,0,0
1978,The Deer Hunter,1979,8.1,93.0,92.0,certified-fresh,183,R,1,0,DE,DE,1,0,1,9,1,1,0,0,0,0,1,0,0,0,0,0,0,0,1,0,0,0,0,0,0
1978,Midnight Express,1979,7.5,96.0,89.0,fresh,121,R,1,0,DE,DE,1,1,0,6,1,0,0,1,1,0,1,0,0,0,0,0,0,0,0,0,0,0,0,0,0
1978,Coming Home,1979,7.3,82.0,83.0,fresh,127,R,0,0,DE,DE,1,0,0,8,1,0,0,0,0,0,1,0,0,0,0,0,1,0,1,0,0,0,0,0,0
1978,An Unmarried Woman,1979,7.1,89.0,73.0,fresh,124,R,0,0,DE,DE,1,0,0,3,1,0,0,0,0,1,1,0,0,0,0,0,1,0,0,0,0,0,0,0,0
1979,Apocalypse Now,1980,8.5,98.0,94.0,certified-fresh,147,R,1,0,DE,DE,1,0,0,8,1,0,0,0,0,0,1,0,0,0,0,0,0,0,1,0,0,0,0,0,0
1979,Breaking Away,1980,7.7,95.0,88.0,fresh,101,PG,0,0,DE,DE,1,1,0,5,1,0,0,0,0,1,1,0,0,0,0,0,1,0,0,0,0,0,0,0,0
1979,All That Jazz,1980,7.8,85.0,86.0,certified-fresh,123,R,0,0,DE,DE,0,0,0,9,0,0,0,0,0,1,1,0,0,0,0,1,0,0,0,0,0,0,0,0,0
1979,Norma Rae,1980,7.3,88.0,79.0,fresh,114,PG,0,0,DE,DE,1,0,0,3,0,0,0,0,0,0,1,0,0,0,0,0,0,0,0,0,0,0,0,0,0
1979,Kramer vs. Kramer,1980,7.8,88.0,89.0,certified-fresh,105,PG,1,0,DE,DE,1,1,1,9,1,1,0,0,0,0,1,0,0,0,0,0,0,0,0,0,0,0,0,0,0
1980,The Elephant Man,1981,8.2,92.0,93.0,certified-fresh,124,PG,1,1,DE,DE,1,0,0,8,1,0,0,1,0,0,1,0,0,0,0,0,0,0,0,0,0,0,0,0,0
1980,Ordinary People,1981,7.7,89.0,88.0,certified-fresh,124,R,0,0,DE,DE,1,1,1,6,1,1,0,0,0,0,1,0,0,0,0,0,0,0,0,0,0,0,0,0,0
1980,Coal Miner's Daughter,1981,7.5,86.0,86.0,fresh,124,PG,0,0,DE,DE,1,1,0,7,1,0,0,1,0,0,1,0,0,0,0,1,0,0,0,0,0,0,0,0,0
1980,Raging Bull,1981,8.2,93.0,93.0,certified-fresh,129,R,0,0,DE,DE,1,0,0,8,1,0,0,1,0,0,1,0,0,0,0,0,0,0,0,0,0,0,0,1,0
1980,Tess,1981,7.3,85.0,78.0,certified-fresh,186,PG,0,0,DE,DE,1,0,0,6,0,0,0,0,0,0,1,0,0,0,0,0,1,0,0,0,0,0,0,0,0
1981,Raiders of the Lost Ark,1982,8.5,95.0,96.0,certified-fresh,115.0,PG,1,0,DE,DE,0,0,0,9,1,0,1,0,0,0,0,0,0,0,0,0,0,0,0,0,0,1,0,0,0
1981,Chariots of Fire,1982,7.1,82.0,80.0,certified-fresh,125,PG,1,1,DE,DE,0,0,1,7,1,0,0,1,0,0,1,0,0,0,0,0,0,0,0,0,0,0,0,1,0
1981,On Golden Pond,1982,7.6,93.0,87.0,fresh,109,PG,1,0,DE,DE,1,1,0,10,1,0,0,0,0,0,1,0,0,0,0,0,0,0,0,0,0,0,0,0,0
1981,Reds,1982,7.3,89.0,83.0,certified-fresh,195,PG,0,0,DE,DE,1,0,0,12,1,1,0,1,0,0,1,0,0,0,0,0,0,1,0,0,0,0,0,0,0
1981,Atlantic City,1982,7.4,100.0,77.0,fresh,104,R,1,0,DE,DE,1,0,0,5,1,0,0,0,1,0,1,0,0,0,0,0,1,0,0,0,0,0,0,0,0
1982,Missing,1983,7.7,97.0,85.0,fresh,122,PG,1,0,DE,DE,1,0,0,4,0,0,0,1,0,0,1,0,0,0,0,0,0,1,0,0,0,0,0,0,0
1982,Tootsie,1983,7.4,90.0,81.0,certified-fresh,116,PG,1,0,DE,DE,1,1,0,9,1,0,0,0,0,1,1,0,0,0,0,0,1,0,0,0,0,0,0,0,0
1982,The Verdict,1983,7.7,88.0,88.0,fresh,129,R,0,0,DE,DE,1,0,0,5,0,0,0,0,0,0,1,0,0,0,0,0,0,0,0,0,0,0,0,0,0
1982,E.T. The Extra-Terrestrial,1983,7.9,98.0,72.0,certified-fresh,115,PG,1,0,DE,DE,1,1,0,9,1,0,0,0,0,0,0,0,0,1,0,0,0,0,0,0,0,0,1,0,0
1982,Gandhi,1983,8.0,85.0,92.0,certified-fresh,191,PG,1,1,DE,DE,0,0,1,11,1,1,0,1,0,0,1,0,0,0,0,0,0,1,0,0,0,0,0,0,0
1983,Tender Mercies,1984,7.3,84.0,82.0,fresh,92,PG,0,0,DE,DE,1,0,0,4,1,0,0,0,0,0,1,0,0,0,0,1,0,0,0,0,0,0,0,0,0
1983,The Big Chill,1984,7.1,68.0,77.0,fresh,105,R,0,0,DE,DE,1,0,0,3,1,0,0,0,0,1,1,0,0,0,0,0,0,0,0,0,0,0,0,0,0
1983,The Right Stuff,1984,7.8,96.0,90.0,certified-fresh,193,PG,0,0,DE,DE,1,0,0,8,1,0,0,1,0,0,1,0,0,0,0,0,0,0,0,0,0,1,0,0,0
1983,Terms of Endearment,1984,7.4,78.0,83.0,certified-fresh,132,PG,0,0,DE,DE,1,1,1,11,1,1,0,0,0,1,1,0,0,0,0,0,0,0,0,0,0,0,0,0,0
1983,The Dresser,1984,7.5,100.0,87.0,fresh,118,PG,1,0,DE,DE,0,0,0,5,0,0,0,0,0,0,1,0,0,0,0,0,0,0,0,0,0,0,0,0,0
1984,A Passage to India,1985,7.3,76.0,78.0,fresh,164,PG,1,0,DE,DE,0,0,0,11,1,0,0,0,0,0,1,0,0,0,0,0,0,1,0,0,0,1,0,0,0
1984,Amadeus,1985,8.4,93.0,95.0,certified-fresh,160,R,1,0,DE,DE,1,1,1,11,1,1,0,1,0,0,1,0,0,0,0,0,0,1,0,0,0,0,0,0,0
1984,A Soldier's Story,1985,7.2,90.0,81.0,fresh,101,PG,0,0,DE,DE,1,0,0,3,1,0,0,0,1,0,1,0,0,0,1,0,0,0,0,0,0,0,0,0,0
1984,Places in the Heart,1985,7.4,89.0,83.0,fresh,111,PG,0,0,DE,DE,1,0,0,7,1,0,0,0,0,0,1,0,0,0,0,0,0,0,0,0,0,0,0,0,0
1984,The Killing Fields,1985,7.8,93.0,92.0,certified-fresh,141,R,1,1,DE,DE,1,0,0,7,1,0,0,1,0,0,1,0,0,0,0,0,0,1,0,0,0,0,0,0,0
1985,Prizzi's Honor,1986,6.7,86.0,62.0,fresh,130,R,0,0,DE,DE,1,1,0,8,1,0,0,0,1,1,1,0,0,0,0,0,0,0,0,0,0,0,0,0,0
1985,Out of Africa,1986,7.1,59.0,83.0,rotten,161,PG,0,0,DE,DE,1,1,1,11,1,0,0,1,0,0,1,0,0,0,0,0,1,0,0,0,0,0,0,0,0
1985,The Color Purple,1986,7.7,81.0,94.0,fresh,154,PG-13,0,0,DE,DE,1,0,0,10,1,1,0,0,0,0,1,0,0,0,0,0,0,0,0,0,0,0,0,0,0
1985,Kiss of the Spider Woman,1986,7.3,87.0,81.0,fresh,120,R,0,0,DE,DE,1,0,0,4,0,0,0,0,0,0,1,0,0,0,0,0,0,0,0,0,0,0,0,0,0
1985,Witness,1986,7.4,93.0,80.0,certified-fresh,112,R,1,0,DE,DE,1,0,0,8,1,0,0,0,1,0,1,0,0,0,0,0,1,0,0,0,0,0,0,0,0
1986,A Room with a View,1987,7.4,100.0,86.0,fresh,117,NR,1,1,DE,DE,1,0,0,8,1,0,0,0,0,0,1,0,0,0,0,0,1,0,0,0,0,0,0,0,0
1986,Hannah and Her Sisters,1987,7.8,91.0,90.0,certified-fresh,107,PG-13,1,0,DE,DE,1,1,0,7,1,0,0,0,0,1,1,0,0,0,0,0,0,0,0,0,0,0,0,0,0
1986,The Mission,1987,7.4,64.0,87.0,fresh,125,PG,1,0,DE,DE,1,0,0,7,0,0,0,0,0,0,1,0,0,0,0,0,0,1,0,0,0,1,0,0,0
1986,Platoon,1987,8.1,88.0,93.0,certified-fresh,120,R,0,0,DE,DE,1,1,1,8,1,1,0,0,0,0,1,0,0,0,0,0,0,0,1,0,0,0,0,0,0
1986,Children of a Lesser God,1987,7.2,82.0,79.0,fresh,119,R,0,0,DE,DE,1,0,0,5,1,0,0,0,0,0,1,0,0,0,0,0,1,0,0,0,0,0,0,0,0
1987,Moonstruck,1988,7.1,93.0,81.0,certified-fresh,102,PG,0,0,DE,DE,1,0,0,6,0,0,0,0,0,1,1,0,0,0,0,0,1,0,0,0,0,0,0,0,0
1987,Fatal Attraction,1988,6.9,76.0,72.0,certified-fresh,119,R,0,0,DE,DE,1,0,0,6,1,0,0,0,0,0,1,0,0,0,0,0,0,0,0,0,1,0,0,0,0
1987,Hope and Glory,1988,7.3,95.0,83.0,fresh,113,PG-13,1,0,DE,DE,1,1,0,5,0,0,0,0,0,1,1,0,0,0,0,0,1,0,0,0,0,0,0,0,0
1987,Broadcast News,1988,7.2,98.0,79.0,certified-fresh,133,R,0,0,DE,DE,1,0,0,7,1,0,0,0,0,1,1,0,0,0,0,0,1,0,0,0,0,0,0,0,0
1987,The Last Emperor,1988,7.7,89.0,88.0,certified-fresh,163,PG-13,1,1,DE,DE,1,1,1,9,1,1,0,1,0,0,1,0,0,0,0,0,0,1,0,0,0,0,0,0,0
1988,Dangerous Liaisons,1989,7.6,93.0,83.0,fresh,119,R,0,0,DE,DE,0,0,0,7,0,0,0,0,0,0,1,0,0,0,0,0,1,0,0,0,0,0,0,0,0
1988,Working Girl,1989,6.8,84.0,67.0,certified-fresh,113,R,0,0,DE,DE,1,1,0,5,1,0,0,0,0,1,1,0,0,0,0,0,1,0,0,0,0,0,0,0,0
1988,Mississippi Burning,1989,7.8,84.0,90.0,fresh,128,R,0,0,DE,DE,1,0,0,7,1,0,0,0,1,0,1,0,0,0,0,0,0,1,0,0,0,0,0,0,0
1988,The Accidental Tourist,1989,6.7,81.0,60.0,fresh,121,PG,0,0,DE,DE,1,0,0,4,0,0,0,0,0,0,1,0,0,0,0,0,1,0,0,0,0,0,0,0,0
1988,Rain Man,1989,8.0,89.0,90.0,certified-fresh,133,R,0,0,DE,DE,1,1,1,8,1,1,0,0,0,0,1,0,0,0,0,0,0,0,0,0,0,0,0,0,0
1989,Born on the Fourth of July,1990,7.2,85.0,76.0,certified-fresh,145,R,0,0,DE,DE,1,1,0,8,1,1,0,1,0,0,1,0,0,0,0,0,0,0,1,0,0,0,0,0,0
1989,Driving Miss Daisy,1990,7.3,81.0,81.0,certified-fresh,99,PG,1,0,DE,DE,1,1,1,9,0,0,0,0,0,0,1,0,0,0,0,0,0,0,0,0,0,0,0,0,0
1989,My Left Foot,1990,7.8,98.0,92.0,certified-fresh,103,R,1,0,DE,DE,0,0,0,5,0,0,0,1,0,0,1,0,0,0,0,0,0,0,0,0,0,0,0,0,0
1989,Dead Poets Society,1990,8.1,84.0,92.0,certified-fresh,128,PG,1,1,DE,DE,1,0,0,4,1,0,0,0,0,1,1,0,0,0,0,0,0,0,0,0,0,0,0,0,0
1989,Field of Dreams,1990,7.5,87.0,86.0,certified-fresh,107,PG,0,0,DE,DE,0,0,0,3,1,0,0,0,0,0,1,0,1,0,0,0,0,0,0,0,0,0,1,0,0
1990,Ghost,1991,7.1,74.0,80.0,certified-fresh,127,PG-13,0,0,DE,DE,1,0,0,5,0,0,0,0,0,0,1,0,1,0,0,0,1,0,0,0,0,0,0,0,0
1990,Awakenings,1991,7.8,88.0,89.0,fresh,121,PG-13,0,0,DE,DE,0,0,0,3,0,0,0,1,0,0,1,0,0,0,0,0,0,0,0,0,0,0,0,0,0
1990,"The Godfather, Part III",1991,7.6,68.0,78.0,fresh,161.0,R,0,0,DE,DE,1,0,0,7,1,0,0,0,1,0,1,0,0,0,0,0,0,0,0,0,0,0,0,0,0
1990,Good Fellas,1991,8.7,96.0,97.0,certified-fresh,145,R,1,1,DE,DE,1,0,0,6,1,0,0,1,1,0,1,0,0,0,0,0,0,0,0,0,0,0,0,0,0
1990,Dances With Wolves,1991,8.0,83.0,87.0,certified-fresh,181,PG-13,1,0,DE,DE,1,1,1,12,1,1,0,0,0,0,1,0,0,0,0,0,0,0,0,0,0,1,0,0,1
1991,The Silence of the Lambs,1992,8.6,96.0,95.0,certified-fresh,118,R,1,0,DE,DE,1,0,1,7,1,1,0,0,1,0,1,0,0,0,0,0,0,0,0,0,1,0,0,0,0
1991,JFK,1992,8.0,84.0,88.0,certified-fresh,189,R,0,0,DE,DE,1,0,0,8,1,0,0,0,0,0,1,0,0,0,0,0,0,1,0,0,1,0,0,0,0
1991,Bugsy,1992,6.8,85.0,69.0,certified-fresh,136,R,0,0,DE,DE,1,1,0,10,1,0,0,1,1,0,1,0,0,0,0,0,0,0,0,0,0,0,0,0,0
1991,The Prince of Tides,1992,6.8,69.0,70.0,fresh,132,R,0,0,DE,DE,1,0,0,7,1,0,0,0,0,0,1,0,0,0,0,0,1,0,0,0,0,0,0,0,0
1991,Beauty and the Beast,1992,8.0,94.0,92.0,certified-fresh,84,G,0,0,DE,DE,1,1,0,3,0,0,0,0,0,0,0,0,1,0,0,0,0,0,0,0,0,0,1,0,0
1992,Unforgiven,1993,8.2,96.0,93.0,certified-fresh,130,R,1,0,DE,DE,1,0,1,9,1,1,0,0,0,0,1,0,0,0,0,0,0,0,0,0,0,0,0,0,1
1992,The Crying Game,1993,7.2,94.0,78.0,certified-fresh,112,R,1,0,DE,DE,1,0,0,6,1,0,0,0,1,0,1,0,0,0,0,0,1,0,0,0,0,0,0,0,0
1992,Howards End,1993,7.4,94.0,82.0,certified-fresh,142,PG,1,1,DE,DE,1,0,0,9,1,0,0,0,0,0,1,0,0,0,0,0,1,0,0,0,0,0,0,0,0
1992,Scent of a Woman,1993,8.0,89.0,92.0,certified-fresh,156,R,0,0,DE,DE,1,1,0,6,0,0,0,0,0,0,1,0,0,0,0,0,0,0,0,0,0,0,0,0,0
1992,A Few Good Men,1993,7.7,83.0,89.0,certified-fresh,138,R,0,0,DE,DE,1,0,0,4,1,0,0,0,0,0,1,0,0,0,0,0,0,0,0,0,1,0,0,0,0
1993,In the Name of the Father,1994,8.1,94.0,95.0,certified-fresh,133,R,0,0,DE,DE,1,0,0,7,0,0,0,1,0,0,1,0,0,0,0,0,0,0,0,0,0,0,0,0,0
1993,The Remains of the Day,1994,7.8,95.0,89.0,certified-fresh,134,PG,1,0,DE,DE,1,0,0,8,1,0,0,0,0,0,1,0,0,0,0,0,1,0,0,0,0,0,0,0,0
1993,The Fugitive,1994,7.8,96.0,89.0,certified-fresh,130,PG-13,0,0,DE,DE,0,0,0,7,1,0,1,0,1,0,1,0,0,0,0,0,0,0,0,0,0,0,0,0,0
1993,Schindler's List,1994,9.0,97.0,97.0,certified-fresh,195,R,1,1,DE,DE,1,1,1,12,1,1,0,1,0,0,1,0,0,0,0,0,0,1,0,0,0,0,0,0,0
1993,The Piano,1994,7.5,92.0,86.0,certified-fresh,121,R,1,0,DE,DE,1,0,0,8,1,0,0,0,0,0,1,0,0,0,0,1,1,0,0,0,0,0,0,0,0
1994,Quiz Show,1995,7.5,96.0,87.0,certified-fresh,133,PG-13,1,0,DE,DE,1,0,0,4,1,0,0,1,0,0,1,0,0,0,0,0,0,1,0,0,0,0,0,0,0
1994,The Shawshank Redemption,1995,9.3,91.0,98.0,certified-fresh,142,R,0,0,DE,DE,0,0,0,7,1,0,0,0,1,0,1,0,0,0,0,0,0,0,0,0,0,0,0,0,0
1994,Four Weddings and a Funeral,1995,7.1,96.0,74.0,certified-fresh,117,R,1,1,DE,DE,1,0,0,2,1,0,0,0,0,1,1,0,0,0,0,0,1,0,0,0,0,0,0,0,0
1994,Pulp Fiction,1995,8.9,92.0,96.0,certified-fresh,154,R,1,0,DE,DE,1,0,0,7,1,0,0,0,1,0,1,0,0,0,0,0,0,0,0,0,0,0,0,0,0
1994,Forrest Gump,1995,8.8,71.0,95.0,fresh,142,PG-13,1,0,DE,DE,1,1,1,13,1,1,0,0,0,0,1,0,0,0,0,0,1,0,0,0,0,0,0,0,0
1995,Babe,1996,6.9,97.0,67.0,certified-fresh,91,G,1,0,0,0,1,1,0,7,0,0,0,0,0,1,1,0,0,0,0,0,0,0,0,0,0,0,1,0,0
1995,Sense and Sensibility,1996,7.7,98.0,90.0,certified-fresh,136,PG,1,1,1,0,1,1,0,7,1,0,0,0,0,0,1,0,0,0,0,0,1,0,0,0,0,0,0,0,0
1995,Braveheart,1996,8.4,78.0,85.0,certified-fresh,178,R,0,0,0,0,1,0,1,10,1,0,0,1,0,0,1,0,0,0,0,0,0,1,0,0,0,0,0,0,0
1995,The Postman (Il Postino),1996,7.8,93.0,94.0,fresh,108,PG,1,0,0,0,0,0,0,5,1,0,0,1,0,1,1,0,0,0,0,0,0,0,0,0,0,0,0,0,0
1995,Apollo 13,1996,7.7,96.0,87.0,certified-fresh,140,PG,0,0,1,1,1,0,0,9,1,1,0,0,0,0,1,0,0,0,0,0,0,1,0,0,0,1,0,0,0
1996,Shine,1997,7.6,91.0,90.0,certified-fresh,105,PG-13,1,0,1,0,1,0,0,7,1,0,0,1,0,0,1,0,0,0,0,1,0,0,0,0,0,0,0,0,0
1996,Fargo,1997,8.1,94.0,93.0,certified-fresh,98,R,1,0,0,0,1,0,0,7,1,0,0,0,1,0,1,0,0,0,0,0,0,0,0,0,1,0,0,0,0
1996,Jerry Maguire,1997,7.3,83.0,79.0,certified-fresh,139,R,0,0,0,0,1,0,0,5,1,0,0,0,0,1,1,0,0,0,0,0,1,0,0,0,0,0,0,0,0
1996,The English Patient,1997,7.4,85.0,83.0,certified-fresh,162,R,1,1,1,0,1,1,1,12,1,1,0,0,0,0,1,0,0,0,0,0,1,0,1,0,0,0,0,0,0
1996,Secrets & Lies,1997,8.0,94.0,91.0,certified-fresh,136,R,1,0,0,0,1,0,0,5,1,0,0,0,0,1,1,0,0,0,0,0,0,0,0,0,0,0,0,0,0
1997,As Good as It Gets,1998,7.7,85.0,86.0,certified-fresh,139,PG-13,0,0,0,0,1,1,0,7,1,0,0,0,0,1,1,0,0,0,0,0,1,0,0,0,0,0,0,0,0
1997,The Full Monty,1998,7.2,96.0,79.0,certified-fresh,91,R,1,1,1,1,1,0,0,4,0,0,0,0,0,1,1,0,0,0,0,0,0,0,0,0,0,0,0,0,0
1997,L.A. Confidential,1998,8.2,99.0,94.0,certified-fresh,138,R,1,0,1,0,1,0,0,9,1,0,0,0,1,0,1,0,0,0,1,0,0,0,0,0,0,0,0,0,0
1997,Good Will Hunting,1998,8.3,97.0,94.0,certified-fresh,126,R,0,0,1,0,1,0,0,8,1,0,0,0,0,0,1,0,0,0,0,0,0,0,0,0,0,0,0,0,0
1997,Titanic,1998,7.9,89.0,69.0,certified-fresh,194,PG-13,1,0,1,0,1,1,1,15,1,1,0,0,0,0,1,0,0,0,0,0,1,0,0,0,0,0,0,0,0
1998,Shakespeare in Love,1999,7.1,92.0,80.0,certified-fresh,123,R,1,1,1,1,1,1,1,13,1,0,0,0,0,1,1,0,0,0,0,0,0,1,0,0,0,0,0,0,0
1998,Life Is Beautiful,1999,8.6,80.0,96.0,certified-fresh,116,PG-13,1,0,1,0,0,0,0,7,1,0,0,0,0,1,1,0,0,0,0,0,0,0,1,0,0,0,0,0,0
1998,The Thin Red Line,1999,7.6,80.0,80.0,certified-fresh,170,R,0,0,0,0,0,0,0,7,1,0,0,0,0,0,1,0,0,0,0,0,0,0,1,0,0,0,0,0,0
1998,Elizabeth,1999,7.4,82.0,86.0,certified-fresh,124,R,1,0,0,0,1,0,0,7,0,0,0,1,0,0,1,0,0,0,0,0,0,1,0,0,0,0,0,0,0
1998,Saving Private Ryan,1999,8.6,93.0,95.0,certified-fresh,169,R,1,0,1,0,1,1,0,11,1,1,0,0,0,0,1,0,0,0,0,0,0,0,1,0,0,0,0,0,0
1999,The Insider,2000,7.8,96.0,90.0,certified-fresh,157,R,0,0,0,0,1,0,0,7,1,0,0,1,0,0,1,0,0,0,0,0,0,0,0,0,1,0,0,0,0
1999,The Cider House Rules,2000,7.4,71.0,77.0,fresh,126,PG-13,0,0,1,0,0,0,0,7,0,0,0,0,0,0,1,0,0,0,0,0,1,0,0,0,0,0,0,0,0
1999,The Green Mile,2000,8.6,78.0,94.0,certified-fresh,189,R,0,0,1,0,0,0,0,4,1,0,0,0,1,0,1,0,1,0,0,0,0,0,0,0,0,0,0,0,0
1999,The Sixth Sense,2000,8.2,86.0,90.0,certified-fresh,107,PG-13,1,0,0,0,0,0,0,6,1,0,0,0,0,0,1,0,0,0,1,0,0,0,0,0,1,0,0,0,0
1999,American Beauty,2000,8.4,87.0,93.0,certified-fresh,122,R,1,1,1,1,1,1,1,8,1,1,0,0,0,0,1,0,0,0,0,0,0,0,0,0,0,0,0,0,0
2000,Gladiator,2001,8.5,77.0,87.0,certified-fresh,155,R,1,1,1,0,1,1,1,12,1,0,1,0,0,0,1,0,0,0,0,0,0,0,0,0,0,1,0,0,0
2000,Erin Brockovich,2001,7.4,84.0,81.0,certified-fresh,131,R,1,0,0,0,1,0,0,5,1,0,0,1,0,0,1,0,0,0,0,0,0,0,0,0,0,0,0,0,0
2000,"Crouching Tiger, Hidden Dragon",2001,7.9,97.0,86.0,certified-fresh,120,PG-13,1,0,0,0,0,0,0,10,1,1,1,0,0,0,1,0,0,0,0,0,0,0,0,0,0,1,0,0,0
2000,Chocolat,2001,7.3,62.0,83.0,fresh,121,PG-13,0,0,1,0,1,0,0,5,0,0,0,0,0,0,1,0,0,0,0,0,1,0,0,0,0,0,0,0,0
2000,Traffic,2001,7.6,93.0,85.0,certified-fresh,147,R,0,0,1,1,1,0,0,5,1,0,0,0,1,0,1,0,0,0,0,0,0,0,0,0,1,0,0,0,0
2001,The Lord of the Rings: The Fellowship of the Ring,2002,8.8,91.0,95.0,certified-fresh,178,PG-13,1,1,1,0,1,0,0,12,1,0,0,0,0,0,1,0,1,0,0,0,0,0,0,0,0,1,0,0,0
2001,In the Bedroom,2002,7.4,93.0,81.0,certified-fresh,131,R,0,0,1,0,1,0,0,5,0,0,0,0,1,0,1,0,0,0,0,0,0,0,0,0,0,0,0,0,0
2001,A Beautiful Mind,2002,8.2,74.0,93.0,certified-fresh,135,PG-13,1,0,1,0,1,1,1,8,1,1,0,1,0,0,1,0,0,0,0,0,0,0,0,0,0,0,0,0,0
2001,Gosford Park,2002,7.2,86.0,78.0,certified-fresh,137,R,0,0,1,1,1,0,0,7,0,0,0,0,0,1,1,0,0,0,1,0,0,0,0,0,0,0,0,0,0
2001,Moulin Rouge,2002,7.6,76.0,89.0,certified-fresh,127,PG-13,1,0,1,0,1,1,0,8,1,0,0,0,0,0,1,0,0,0,0,0,1,0,0,0,0,0,0,0,0
2002,The Pianist,2003,8.5,95.0,96.0,certified-fresh,150,R,1,1,0,0,1,0,0,7,1,0,0,1,0,0,1,0,0,0,0,1,0,0,0,0,0,0,0,0,0
2002,Gangs of New York,2003,7.5,73.0,81.0,certified-fresh,167,R,1,0,0,0,1,0,0,9,1,0,0,0,1,0,1,0,0,0,0,0,0,0,0,0,0,0,0,0,0
2002,The Hours,2003,7.5,80.0,84.0,certified-fresh,110,PG-13,1,0,1,0,1,1,0,9,1,0,0,0,0,0,1,0,0,0,0,0,1,0,0,0,0,0,0,0,0
2002,The Lord of the Rings: The Two Towers,2003,8.8,95.0,95.0,certified-fresh,179,PG-13,1,0,1,0,1,0,0,6,1,0,0,0,0,0,1,0,1,0,0,0,0,0,0,0,0,1,0,0,0
2002,Chicago,2003,7.2,86.0,83.0,certified-fresh,113,PG-13,1,0,1,1,1,1,1,12,1,1,0,0,1,1,0,0,0,0,0,0,0,0,0,0,0,0,0,0,0
2003,Lost in Translation,2004,7.7,95.0,85.0,certified-fresh,102,R,1,0,0,0,1,1,0,4,1,0,0,0,0,0,1,0,0,0,0,0,0,0,0,0,0,0,0,0,0
2003,Mystic River,2004,7.9,88.0,89.0,certified-fresh,138,R,0,0,1,0,1,0,0,6,1,0,0,0,1,0,1,0,0,0,1,0,0,0,0,0,0,0,0,0,0
2003,Seabiscuit,2004,7.3,78.0,76.0,certified-fresh,140,PG-13,0,0,1,0,1,0,0,7,1,0,0,0,0,0,1,0,0,0,0,0,0,1,0,0,0,0,0,1,0
2003,The Lord of the Rings: The Return of the King,2004,9.0,93.0,86.0,certified-fresh,201,PG-13,1,1,1,1,1,1,1,10,1,1,0,0,0,0,1,0,1,0,0,0,0,0,0,0,0,1,0,0,0
2003,Master and Commander: The Far Side of the World,2004,7.4,85.0,80.0,certified-fresh,138,PG-13,1,0,0,0,1,0,0,10,1,0,1,0,0,0,1,0,0,0,0,0,0,0,0,0,0,1,0,0,0
2004,Sideways,2005,7.5,97.0,79.0,certified-fresh,127,R,0,0,1,1,1,1,0,5,1,0,0,0,0,1,1,0,0,0,0,0,1,0,0,0,0,0,0,0,0
2004,The Aviator,2005,7.5,86.0,79.0,certified-fresh,170,PG-13,1,1,1,0,1,1,0,11,1,0,0,1,0,0,1,0,0,0,0,0,0,1,0,0,0,0,0,0,0
2004,Ray,2005,7.7,80.0,87.0,certified-fresh,152,PG-13,0,0,1,0,1,0,0,6,1,0,0,1,0,0,1,0,0,0,0,1,0,0,0,0,0,0,0,0,0
2004,Finding Neverland,2005,7.7,83.0,87.0,certified-fresh,106,PG,1,0,1,0,1,0,0,7,1,0,0,1,0,0,1,0,0,0,0,0,0,0,0,0,0,0,1,0,0
2004,Million Dollar Baby,2005,8.1,91.0,90.0,certified-fresh,132,PG-13,0,0,1,0,1,0,1,7,1,1,0,0,0,0,1,0,0,0,0,0,0,0,0,0,0,0,0,1,0
2005,"Good Night, and Good Luck.",2006,7.4,93.0,83.0,certified-fresh,93,PG,1,0,1,0,1,0,0,6,1,0,0,1,0,0,1,0,0,0,0,0,0,1,0,0,0,0,0,0,0
2005,Capote,2006,7.3,90.0,82.0,certified-fresh,114,R,1,0,1,0,0,0,0,5,1,0,0,1,1,0,1,0,0,0,0,0,0,0,0,0,0,0,0,0,0
2005,Munich,2006,7.5,78.0,83.0,certified-fresh,164,R,0,0,0,0,0,0,0,5,1,0,0,0,0,0,1,0,0,0,0,0,0,1,0,0,1,0,0,0,0
2005,Crash,2006,7.8,75.0,88.0,certified-fresh,112,R,1,0,1,1,0,0,1,5,1,0,0,0,1,0,1,0,0,0,0,0,0,0,0,0,1,0,0,0,0
2005,Brokeback Mountain,2006,7.7,87.0,82.0,certified-fresh,134,R,1,1,1,0,1,1,0,8,1,1,0,0,0,0,1,0,0,0,0,0,1,0,0,0,0,0,0,0,0
2006,The Departed,2007,8.5,91.0,94.0,certified-fresh,151,R,1,0,1,0,1,0,1,5,1,1,0,0,1,0,1,0,0,0,0,0,0,0,0,0,1,0,0,0,0
2006,The Queen,2007,7.3,96.0,76.0,certified-fresh,103,PG-13,1,1,0,0,1,0,0,6,1,0,0,1,0,0,1,0,0,0,0,0,0,0,0,0,0,0,0,0,0
2006,Little Miss Sunshine,2007,7.8,91.0,91.0,certified-fresh,101,R,1,0,1,1,1,0,0,4,1,0,0,0,0,1,1,0,0,0,0,0,0,0,0,0,0,0,0,0,0
2006,Letters from Iwo Jima,2007,7.9,91.0,86.0,certified-fresh,141,R,0,0,0,0,0,0,0,4,0,0,0,0,0,0,1,0,0,0,0,0,0,1,1,0,0,0,0,0,0
2006,Babel,2007,7.5,69.0,77.0,fresh,143,R,1,0,1,0,1,1,0,7,1,0,0,0,0,0,1,0,0,0,0,0,0,0,0,0,0,0,0,0,0
2007,Michael Clayton,2008,7.2,91.0,69.0,certified-fresh,119,R,0,0,0,0,1,0,0,7,1,0,0,0,1,0,1,0,0,0,1,0,0,0,0,0,0,0,0,0,0
2007,Atonement,2008,7.8,83.0,80.0,certified-fresh,123,R,1,1,0,0,1,1,0,7,0,0,0,0,0,0,1,0,0,0,1,0,1,0,0,0,0,0,0,0,0
2007,Juno,2008,7.5,94.0,88.0,certified-fresh,96,PG-13,0,0,0,0,1,0,0,4,0,0,0,0,0,1,1,0,0,0,0,0,0,0,0,0,0,0,0,0,0
2007,There Will Be Blood,2008,8.2,92.0,86.0,certified-fresh,158,R,1,0,0,0,1,0,0,8,1,0,0,0,0,0,1,0,0,0,0,0,0,0,0,0,0,0,0,0,0
2007,No Country for Old Men,2008,8.2,93.0,86.0,certified-fresh,122,R,1,0,1,1,1,0,1,8,1,1,0,0,1,0,1,0,0,0,0,0,0,0,0,0,1,0,0,0,0
2008,Frost/Nixon,2009,7.7,93.0,88.0,certified-fresh,122,R,1,0,1,0,1,0,0,5,1,0,0,1,0,0,1,0,0,0,0,0,0,0,0,0,0,0,0,0,0
2008,The Curious Case of Benjamin Button,2009,7.8,72.0,80.0,certified-fresh,166,PG-13,1,0,1,0,1,0,0,13,1,0,0,0,0,0,1,0,1,0,0,0,1,0,0,0,0,0,0,0,0
2008,Slumdog Millionaire,2009,8.0,91.0,90.0,certified-fresh,120,R,1,1,1,1,1,1,1,8,1,1,0,0,0,0,1,0,0,0,0,0,1,0,0,0,0,0,0,0,0
2008,The Reader,2009,7.6,63.0,79.0,fresh,124,R,1,0,0,0,1,0,0,5,0,0,0,0,0,0,1,0,0,0,0,0,1,0,0,0,0,0,0,0,0
2008,Milk,2009,7.5,93.0,89.0,certified-fresh,128,R,1,0,1,0,0,0,0,8,1,0,0,1,0,0,1,0,0,0,0,0,0,0,0,0,0,0,0,0,0
2009,Inglourious Basterds,2010,8.3,89.0,88.0,certified-fresh,153,R,0,0,1,1,1,0,0,8,1,0,0,0,0,0,1,0,0,0,0,0,0,0,1,0,0,1,0,0,0
2009,The Hurt Locker,2010,7.6,97.0,84.0,certified-fresh,127.0,R,1,1,1,0,1,0,1,9,1,1,0,0,0,0,1,0,0,0,0,0,0,1,0,0,1,0,0,0,0
2009,Avatar,2010,7.9,82.0,82.0,certified-fresh,162,PG-13,1,0,0,0,1,1,0,9,1,0,1,0,0,0,0,0,1,0,0,0,0,0,0,0,0,1,0,0,0
2009,The Blind Side,2010,7.6,66.0,85.0,fresh,129,PG-13,0,0,0,0,0,0,0,2,0,0,0,1,0,0,1,0,0,0,0,0,0,0,0,0,0,0,0,1,0
2009,District 9,2010,7.9,90.0,82.0,certified-fresh,112,R,0,0,0,0,0,0,0,4,0,0,0,0,0,0,0,0,0,1,0,0,0,0,0,0,1,0,0,0,0
2009,Up,2010,8.3,98.0,90.0,certified-fresh,96,PG,0,0,0,0,0,0,0,6,0,0,0,0,0,1,0,0,0,0,0,0,0,0,0,0,0,1,0,0,0
2009,Precious: Based on the Novel 'Push' by Sapphire,2010,7.3,92.0,81.0,certified-fresh,110,R,1,0,1,0,1,0,0,6,1,0,0,0,0,0,1,0,0,0,0,0,0,0,0,0,0,0,0,0,0
2009,Up in the Air,2010,7.4,91.0,79.0,certified-fresh,109,R,1,0,0,0,1,0,0,6,1,0,0,0,0,0,1,0,0,0,0,0,1,0,0,0,0,0,0,0,0
2009,A Serious Man,2010,7.0,90.0,68.0,certified-fresh,106,R,0,0,0,0,0,0,0,2,0,0,0,0,0,1,1,0,0,0,0,0,0,0,0,0,0,0,0,0,0
2009,An Education,2010,7.3,94.0,80.0,certified-fresh,100,PG-13,1,0,1,0,0,0,0,3,0,0,0,0,0,0,1,0,0,0,0,0,0,0,0,0,0,0,0,0,0
2010,The Kids Are All Right,2011,7.0,92.0,74.0,certified-fresh,106,R,0,0,1,0,1,1,0,4,0,0,0,0,0,1,1,0,0,0,0,0,1,0,0,0,0,0,0,0,0
2010,The Fighter,2011,7.8,90.0,89.0,certified-fresh,116,R,0,0,1,0,1,0,0,7,1,0,0,1,0,0,1,0,0,0,0,0,0,0,0,0,0,0,0,1,0
2010,True Grit,2011,7.6,96.0,85.0,certified-fresh,110,PG-13,1,0,0,0,0,0,0,11,0,0,0,0,0,0,1,0,0,0,0,0,0,0,0,0,0,1,0,0,1
2010,Toy Story 3,2011,8.3,98.0,89.0,certified-fresh,103,G,0,0,0,0,0,0,0,4,0,0,0,0,0,1,0,0,0,0,0,0,0,0,0,0,0,1,0,0,0
2010,Black Swan,2011,8.0,85.0,84.0,certified-fresh,108,R,1,0,1,0,1,0,0,5,1,0,0,0,0,0,1,0,0,0,0,0,0,0,0,0,1,0,0,0,0
2010,The King's Speech,2011,8.0,94.0,92.0,certified-fresh,118,PG-13,1,1,1,1,1,0,1,12,1,1,0,1,0,0,1,0,0,0,0,0,0,0,0,0,0,0,0,0,0
2010,Inception,2011,8.8,87.0,91.0,certified-fresh,148,PG-13,1,0,0,0,1,0,0,8,1,0,1,0,0,0,0,0,0,1,0,0,0,0,0,0,0,1,0,0,0
2010,127 Hours,2011,7.5,93.0,85.0,certified-fresh,94,R,0,0,0,0,0,0,0,5,0,0,0,1,0,0,1,0,0,0,0,0,0,0,0,0,0,1,0,0,0
2010,The Social Network,2011,7.8,96.0,86.0,certified-fresh,120,PG-13,1,0,1,0,1,1,0,8,1,0,0,1,0,0,1,0,0,0,0,0,0,0,0,0,0,0,0,0,0
2010,Winter's Bone,2011,7.1,94.0,76.0,certified-fresh,100,R,0,0,0,0,0,0,0,4,0,0,0,0,0,0,1,0,0,0,0,0,0,0,0,0,0,0,0,0,0
2011,Extremely Loud & Incredibly Close,2012,6.9,46.0,61.0,rotten,129,PG-13,0,0,0,0,0,0,0,2,0,0,0,0,0,0,1,0,0,0,1,0,0,0,0,0,0,1,0,0,0
2011,War Horse,2012,7.2,75.0,74.0,certified-fresh,146,PG-13,0,0,0,0,1,0,0,6,0,0,0,0,0,0,1,0,0,0,0,0,0,0,1,0,0,0,0,0,0
2011,Hugo,2012,7.5,93.0,78.0,certified-fresh,126,PG,0,0,0,0,1,0,0,11,1,0,0,0,0,0,1,0,0,0,0,0,0,0,0,0,0,1,1,0,0
2011,The Tree of Life,2012,6.8,85.0,60.0,certified-fresh,139,PG-13,0,0,0,0,0,0,0,3,0,0,0,0,0,0,1,0,1,0,0,0,0,0,0,0,0,0,0,0,0
2011,Moneyball,2012,7.6,94.0,86.0,certified-fresh,133,PG-13,0,0,0,0,1,0,0,6,0,0,0,1,0,0,1,0,0,0,0,0,0,0,0,0,0,0,0,1,0
2011,Midnight in Paris,2012,7.7,93.0,83.0,certified-fresh,94,PG-13,0,0,1,0,1,0,0,4,1,0,0,0,0,1,0,0,1,0,0,0,1,0,0,0,0,0,0,0,0
2011,The Descendants,2012,7.3,88.0,79.0,certified-fresh,115,R,1,0,1,0,1,1,0,5,1,0,0,0,0,1,1,0,0,0,0,0,0,0,0,0,0,0,0,0,0
2011,The Artist,2012,7.9,95.0,87.0,certified-fresh,100,PG-13,1,1,1,0,1,1,1,10,1,1,0,0,0,1,1,0,0,0,0,0,1,0,0,0,0,0,0,0,0
2011,The Help,2012,8.1,76.0,89.0,certified-fresh,146,PG-13,1,0,1,1,1,0,0,4,0,0,0,0,0,0,1,0,0,0,0,0,0,0,0,0,0,0,0,0,0
2012,Silver Linings Playbook,2013,7.7,92.0,86.0,certified-fresh,122,R,0,0,1,0,1,0,0,8,0,0,0,0,0,1,1,0,0,0,0,0,1,0,0,0,0,0,0,0,0
2012,Life of Pi,2013,7.9,87.0,84.0,certified-fresh,127,PG,1,0,0,0,1,0,0,10,1,0,0,0,0,0,1,0,1,0,0,0,0,0,0,0,0,1,0,0,0
2012,Argo,2013,7.7,96.0,90.0,certified-fresh,120,R,1,1,1,1,1,1,1,7,1,1,0,1,0,0,1,0,0,0,0,0,0,0,0,0,1,0,0,0,0
2012,Les Mis√©rables,2013,7.5,69.0,79.0,fresh,158,PG-13,0,0,1,0,1,1,0,8,1,0,0,0,0,0,1,0,0,0,0,1,1,0,0,0,0,0,0,0,0
2012,Zero Dark Thirty,2013,7.4,92.0,80.0,certified-fresh,157,R,1,0,0,0,1,0,0,5,1,0,0,0,0,0,1,0,0,0,0,0,0,0,0,0,1,0,0,0,0
2012,Lincoln,2013,7.3,89.0,81.0,certified-fresh,150,PG-13,1,0,1,0,1,0,0,12,1,0,0,1,0,0,1,0,0,0,0,0,0,1,0,0,0,0,0,0,0
2012,Django Unchained,2013,8.4,87.0,91.0,certified-fresh,165,R,0,0,0,0,1,0,0,5,0,0,0,0,0,0,1,0,0,0,0,0,0,0,0,0,0,0,0,0,1
2012,Beasts of the Southern Wild,2013,7.2,87.0,76.0,certified-fresh,93,PG-13,0,0,0,0,0,0,0,4,0,0,0,0,0,0,1,0,1,0,0,0,0,0,0,0,0,1,0,0,0
2012,Amour,2013,7.9,93.0,82.0,certified-fresh,127,PG-13,0,0,0,0,0,0,0,5,0,0,0,0,0,0,1,0,0,0,0,0,0,0,0,0,0,0,0,0,0
2013,Nebraska,2014,7.7,91.0,83.0,certified-fresh,115,R,0,0,0,0,1,0,0,6,0,0,0,0,0,1,1,0,0,0,0,0,0,0,0,0,0,1,0,0,0
2013,Dallas Buyers Club,2014,7.9,93.0,91.0,certified-fresh,117,R,0,0,1,0,0,0,0,6,0,0,0,1,0,0,1,0,0,0,0,0,0,0,0,0,0,0,0,0,0
2013,Philomena,2014,7.6,90.0,89.0,certified-fresh,98,PG-13,1,0,0,0,1,0,0,4,0,0,0,1,0,0,1,0,0,0,0,0,0,0,0,0,0,0,0,0,0
2013,Gravity,2014,7.7,96.0,80.0,certified-fresh,91,PG-13,1,0,0,0,1,0,0,10,1,1,0,0,0,0,1,0,0,1,0,0,0,0,0,0,1,0,0,0,0
2013,Her,2014,8.0,95.0,82.0,certified-fresh,126,R,0,0,0,0,1,0,0,4,0,0,0,0,0,0,1,0,0,1,0,0,1,0,0,0,0,0,0,0,0
2013,Captain Phillips,2014,7.8,93.0,89.0,certified-fresh,134,PG-13,1,0,0,0,1,0,0,6,1,0,0,1,0,0,1,0,0,0,0,0,0,0,0,0,1,0,0,0,0
2013,The Wolf of Wall Street,2014,8.2,80.0,83.0,certified-fresh,180,R,0,0,0,0,1,0,0,5,1,0,0,1,1,1,0,0,0,0,0,0,0,0,0,0,0,0,0,0,0
2013,12 Years a Slave,2014,8.1,95.0,90.0,certified-fresh,134,R,1,1,1,0,1,1,1,9,1,0,0,1,0,0,1,0,0,0,0,0,0,1,0,0,0,0,0,0,0
2013,American Hustle,2014,7.2,92.0,74.0,certified-fresh,138,R,1,0,1,1,1,1,0,10,1,0,0,0,1,0,1,0,0,0,0,0,0,0,0,0,0,0,0,0,0
2014,American Sniper,2015,7.3,72.0,84.0,certified-fresh,133,R,0,0,0,0,0,0,0,6,1,0,1,1,0,0,1,0,0,0,0,0,0,0,0,0,0,0,0,0,0
2014,The Imitation Game,2015,8.0,89.0,91.0,certified-fresh,114,PG-13,1,0,1,0,1,0,0,8,1,0,0,1,0,0,1,0,0,0,0,0,0,1,0,0,0,0,0,0,0
2014,Selma,2015,7.5,99.0,86.0,certified-fresh,128,PG-13,0,0,0,0,1,0,0,1,0,0,0,1,0,0,1,0,0,0,0,0,0,1,0,0,0,0,0,0,0
2014,The Grand Budapest Hotel,2015,8.1,91.0,86.0,certified-fresh,99,R,1,0,1,0,1,1,0,9,1,0,0,0,0,1,1,0,0,0,0,0,0,0,0,0,0,1,0,0,0
2014,The Theory of Everything,2015,7.7,80.0,84.0,certified-fresh,123,PG-13,1,0,1,0,1,0,0,5,0,0,0,1,0,0,1,0,0,0,0,0,1,0,0,0,0,0,0,0,0
2014,Birdman or (The Unexpected Virtue of Ignorance),2015,7.7,91.0,78.0,certified-fresh,119,R,1,0,1,1,1,0,1,9,1,1,0,0,0,1,1,0,0,0,0,0,0,0,0,0,0,0,0,0,0
2014,Whiplash,2015,8.5,94.0,94.0,certified-fresh,106,R,0,0,0,0,0,0,0,5,0,0,0,0,0,0,1,0,0,0,0,1,0,0,0,0,0,0,0,0,0
2014,Boyhood,2015,7.9,97.0,81.0,certified-fresh,165,R,1,1,1,0,1,1,0,6,1,0,0,0,0,0,1,0,0,0,0,0,0,0,0,0,0,0,0,0,0
2015,The Martian,2016,8.0,91.0,91.0,certified-fresh,144,PG-13,0,0,0,0,1,1,0,7,1,0,0,0,0,0,1,0,0,1,0,0,0,0,0,0,0,1,0,0,0
2015,Mad Max: Fury Road,2016,8.1,97.0,85.0,certified-fresh,120,R,0,0,0,0,1,0,0,10,1,0,1,0,0,0,0,0,0,1,0,0,0,0,0,0,0,1,0,0,0
2015,Spotlight,2016,8.1,97.0,93.0,certified-fresh,129,R,1,0,1,1,1,0,1,6,1,0,0,0,1,0,1,0,0,0,0,0,0,1,0,0,0,0,0,0,0
2015,Room,2016,8.1,93.0,93.0,certified-fresh,118,R,0,0,0,0,1,0,0,4,0,0,0,0,0,0,1,0,0,0,0,0,0,0,0,0,0,0,0,0,0
2015,Bridge of Spies,2016,7.6,90.0,87.0,certified-fresh,142,PG-13,1,0,0,0,0,0,0,6,0,0,0,0,0,0,1,0,0,0,0,0,0,1,0,0,1,0,0,0,0
2015,The Revenant,2016,8.0,78.0,84.0,certified-fresh,156,R,1,1,0,0,1,1,0,12,1,1,0,0,0,0,1,0,0,0,0,0,0,1,0,0,0,1,0,0,0
2015,The Big Short,2016,7.8,88.0,88.0,certified-fresh,130,R,1,0,1,0,1,0,0,5,1,0,0,1,0,1,1,0,0,0,0,0,0,0,0,0,0,0,0,0,0
2015,Brooklyn,2016,7.5,97.0,87.0,certified-fresh,117,PG-13,0,0,0,0,0,0,0,3,0,0,0,0,0,0,1,0,0,0,0,0,1,0,0,0,0,0,0,0,0
2016,Moonlight,2017,7.4,98.0,79.0,certified-fresh,111,R,1,0,1,0,1,1,1,7,1,0,0,0,0,0,1,0,0,0,0,0,0,0,0,0,0,0,0,0,0
2016,Lion,2017,8.0,84.0,91.0,certified-fresh,118,PG-13,0,0,0,0,1,0,0,6,1,0,0,0,0,1,1,0,0,0,0,0,1,0,0,0,0,0,0,0,0
2016,Hidden Figures,2017,7.8,92.0,94.0,certified-fresh,127,PG,0,0,1,1,0,0,0,4,0,0,0,1,0,0,1,0,0,0,0,0,0,1,0,0,0,0,0,0,0
2016,Manchester by the Sea,2017,7.8,96.0,78.0,certified-fresh,137,R,1,0,1,0,1,0,0,5,1,0,0,0,0,0,1,0,0,0,0,0,0,0,0,0,0,0,0,0,0
2016,La La Land,2017,8.0,91.0,81.0,certified-fresh,128,PG-13,1,1,0,0,1,1,0,14,1,1,0,0,0,1,1,0,0,0,0,1,0,0,0,0,0,0,0,0,0
2016,Hell or High Water,2017,7.6,97.0,88.0,certified-fresh,102,R,0,0,0,0,1,0,0,4,0,0,0,0,1,0,1,0,0,0,0,0,0,0,0,0,1,0,0,0,0
2016,Hacksaw Ridge,2017,8.1,84.0,91.0,certified-fresh,139,R,0,0,0,0,1,0,0,6,0,0,0,1,0,0,1,0,0,0,0,0,0,1,0,0,0,0,0,0,0
2016,Fences,2017,7.2,92.0,75.0,certified-fresh,139,PG-13,0,0,1,0,0,0,0,4,0,0,0,0,0,0,1,0,0,0,0,0,0,0,0,0,0,0,0,0,0
2016,Arrival,2017,7.9,94.0,82.0,certified-fresh,116,PG-13,1,0,0,0,0,0,0,8,1,0,0,0,0,0,1,0,0,1,1,0,0,0,0,0,0,0,0,0,0
2017,Phantom Thread,2018,7.4,91.0,61.0,certified-fresh,130,R,0,0,0,0,0,0,0,6,0,0,0,0,0,0,1,0,0,0,0,0,1,0,0,0,0,0,0,0,0
2017,Dunkirk,2018,7.8,92.0,81.0,certified-fresh,106,PG-13,1,0,0,0,1,0,0,8,1,0,1,0,0,0,1,0,0,0,0,0,0,1,0,0,0,0,0,0,0
2017,The Shape of Water,2018,7.3,92.0,72.0,certified-fresh,123,R,1,0,0,0,1,0,1,13,1,1,0,0,0,0,1,0,1,0,0,0,0,0,0,0,0,1,0,0,0
2017,"Three Billboards outside Ebbing, Missouri",2018,8.1,90.0,87.0,certified-fresh,115,R,1,1,1,1,1,1,0,7,1,0,0,0,1,0,1,0,0,0,0,0,0,0,0,0,0,0,0,0,0
2017,The Post,2018,7.2,88.0,73.0,certified-fresh,116,PG-13,0,0,0,0,1,0,0,2,0,0,0,1,0,0,1,0,0,0,0,0,0,1,0,0,0,0,0,0,0
2017,Darkest Hour,2018,7.4,84.0,82.0,certified-fresh,125,PG-13,1,0,0,0,0,0,0,6,0,0,0,1,0,0,1,0,0,0,0,0,0,1,0,0,0,0,0,0,0
2017,Lady Bird,2018,7.4,99.0,79.0,certified-fresh,94,R,0,0,1,0,1,1,0,5,1,0,0,0,0,1,1,0,0,0,0,0,0,0,0,0,0,0,0,0,0
2017,Call Me by Your Name,2018,7.8,96.0,87.0,certified-fresh,132,R,1,0,0,0,1,0,0,3,0,0,0,0,0,0,1,0,0,0,0,0,0,0,0,0,0,0,0,0,0
2017,Get Out,2018,7.7,98.0,86.0,certified-fresh,104,R,0,0,1,0,1,0,0,4,1,0,0,0,0,0,0,1,0,0,1,0,0,0,0,0,1,0,0,0,0
2018,The Favourite,2019,7.5,93.0,69.0,certified-fresh,119,R,1,0,0,0,1,0,0,10,0,0,0,1,0,1,1,0,0,0,0,0,0,0,0,0,0,0,0,0,0
2018,Bohemian Rhapsody,2019,7.9,60.0,85.0,fresh,134,PG-13,0,0,1,0,1,1,0,5,0,0,0,1,0,0,1,0,0,0,0,1,0,0,0,0,0,0,0,0,0
2018,A Star Is Born,2019,7.6,90.0,79.0,certified-fresh,136,R,1,0,1,0,1,0,0,7,1,0,0,0,0,0,1,0,0,0,0,1,1,0,0,0,0,0,0,0,0
2018,Roma,2019,7.7,96.0,72.0,certified-fresh,135,R,1,1,0,0,0,0,0,10,1,1,0,0,0,0,1,0,0,0,0,0,0,0,0,0,0,0,0,0,0
2018,BlacKkKlansman,2019,7.5,96.0,83.0,certified-fresh,135,R,1,0,1,0,1,0,0,6,0,0,0,1,1,0,1,0,0,0,0,0,0,0,0,0,0,0,0,0,0
2018,Black Panther,2019,7.3,96.0,79.0,certified-fresh,134,PG-13,0,0,1,1,1,0,0,6,0,0,1,0,0,0,0,0,0,1,0,0,0,0,0,0,0,1,0,0,0
2018,Green Book,2019,8.2,77.0,91.0,certified-fresh,130,PG-13,1,0,0,0,1,1,1,5,1,0,0,1,0,1,1,0,0,0,0,0,0,0,0,0,0,0,0,0,0
2018,Vice,2019,7.2,65.0,60.0,fresh,132,R,0,0,0,0,1,0,0,8,1,0,0,1,0,1,1,0,0,0,0,0,0,0,0,0,0,0,0,0,0
2019,Once upon a Time...in Hollywood,2020,7.6,85.0,70.0,certified-fresh,161,R,1,0,1,0,1,1,0,10,1,0,0,0,0,1,1,0,0,0,0,0,0,0,0,0,0,0,0,0,0
2019,1917,2020,8.2,89.0,88.0,certified-fresh,119,R,1,1,0,0,1,1,0,10,1,1,1,0,0,0,1,0,0,0,0,0,0,0,1,0,0,0,0,0,0
2019,Ford v Ferrari,2020,8.1,92.0,98.0,certified-fresh,152,PG-13,0,0,0,0,0,0,0,4,0,0,1,1,0,0,1,0,0,0,0,0,0,0,0,0,0,0,0,0,0
2019,Little Women,2020,7.8,95.0,92.0,certified-fresh,135,PG,0,0,0,0,0,0,0,6,0,0,0,0,0,0,1,0,0,0,0,0,1,0,0,0,0,0,0,0,0
2019,The Irishman,2020,7.8,96.0,86.0,certified-fresh,209,R,1,0,1,0,1,0,0,10,1,0,0,1,1,0,1,0,0,0,0,0,0,0,0,0,0,0,0,0,0
2019,Jojo Rabbit,2020,7.9,79.0,93.0,certified-fresh,108,PG-13,0,0,1,0,1,0,0,6,1,0,0,0,0,1,1,0,0,0,0,0,0,0,1,0,0,0,0,0,0
2019,Joker,2020,8.4,68.0,88.0,fresh,122,R,1,0,0,0,1,0,0,11,0,0,0,0,1,0,1,0,0,0,0,0,0,0,0,0,1,0,0,0,0
2019,Parasite,2020,8.5,99.0,90.0,certified-fresh,132,R,1,0,1,1,1,0,1,6,1,0,0,0,0,0,1,0,0,0,0,0,0,0,0,0,1,0,0,0,0
2019,Marriage Story,2020,7.9,94.0,85.0,certified-fresh,137,R,0,0,0,0,1,0,0,6,0,0,0,0,0,0,1,0,0,0,0,0,1,0,0,0,0,0,0,0,0
